{
  "lut_strength": 1.4999988079071045,
  "preferred_color_grading": "Vibrant",
  "bg_spin_rotation": 0.9311099052429199,
  "bg_spin_speed": 0.050000011920928955,
  "bg_contrast": 1.8291962146759033,
  "bg_spin_amount": 0.28639382123947144,
  "bg_pixel_filter": 50,
  "bg_offset_x": 0.05453122407197952,
  "bg_offset_y": 0.0680801197886467,
  "bg_colour_1_r": 0.6759641766548157,
  "bg_colour_1_g": 0.13786889612674713,
  "bg_colour_1_b": 0.7239753007888794,
  "bg_colour_2_r": 0.7239753007888794,
  "bg_colour_2_g": 0.2992808520793915,
  "bg_colour_2_b": 0.13786889612674713,
  "bg_colour_3_r": 0.44087427854537964,
  "bg_colour_3_g": 0.8325715661048889,
  "bg_colour_3_b": 0.2596525251865387,
  "bg_swirl_type": 1,
  "bg_noise_type": 1,
  "bg_color_mode": 5,
  "bg_offset_z": 2.1731226444244385,
  "bg_noise_scale": 0.8736127614974976,
  "bg_noise_octaves": 9,
  "bg_color_intensity": 1.0473549365997314,
  "bg_swirl_segments": 5,
  "bg_swirl_count": 3,
  "bg_swirl_c1_x": 0.2202180176973343,
  "bg_swirl_c1_y": -0.18335996568202972,
  "bg_swirl_c2_x": 0.2608192563056946,
  "bg_swirl_c2_y": 0.18386565148830414,
  "bg_swirl_c3_x": -0.03157763183116913,
  "bg_swirl_c3_y": 0.044329941272735596,
  "bg_swirl_c4_x": -0.25481608510017395,
  "bg_swirl_c4_y": 0.08542539179325104,
  "bg_noise_speed": 0.5500000715255737,
  "bg_noise_amplitude": 0.9080920815467834,
  "bg_color_speed": 0.25506725907325745,
  "bg_swirl_falloff": 3.8868746757507324,
  "music_style": 5,
  "music_volume": 0.6299998760223389,
  "music_bpm": 97.9000244140625,
  "music_reverb_mix": 0.15000000596046448,
  "music_ambient_drone_vol": 0.15000000596046448,
  "music_ambient_pad_vol": 0.0794999971985817,
  "music_ambient_melody_vol": 0.05999999865889549,
  "music_ambient_arp_vol": 0.02500000037252903,
  "music_house_kick_vol": 0.25,
  "music_house_hihat_vol": 0.11999999731779099,
  "music_house_bass_vol": 0.20000000298023224,
  "music_house_pad_vol": 0.05999999865889549,
  "music_house_stab_chance": 0.4000000059604645,
  "music_piano_note_vol": 0.11999999731779099,
  "music_piano_rest_chance": 0.5,
  "music_piano_brightness": 0.5,
  "music_minecraft_bed_mix": 0.800000011920929,
  "music_minecraft_cloud_mix": 0.699999988079071,
  "music_minecraft_harmony_mix": 0.550000011920929,
  "music_minecraft_bell_amount": 0.44999998807907104,
  "music_minecraft_hammer_mix": 0.25,
  "music_minecraft_cue": 3,
  "music_minecraft_cue_gap": 28,
  "music_minecraft_cue_length": 32,
  "music_minecraft_cue_density": 0.44999998807907104,
  "music_minecraft_wow": 0.20000000298023224,
  "music_minecraft_blur": 0.4000000059604645,
  "music_minecraft_attack_softness": 0.3499999940395355,
  "music_rock80s_lead_mix": 0.7500002384185791,
  "music_rock80s_drive": 0.32999998331069946,
  "music_rock80s_drum_mix": 0.6800001263618469,
  "music_rock80s_bass_mix": 0.7999998927116394,
  "music_rock80s_gate": 0.40000057220458984,
  "music_rock80s_cue": 1,
  "music_choir_vol": 0.15000000596046448,
  "music_choir_breathiness": 0.30000001192092896
}