{
  "lut_strength": 1.4999988079071045,
  "preferred_color_grading": "Vibrant",
  "bg_spin_rotation": 3.9987971782684326,
  "bg_spin_speed": 0.027985407039523125,
  "bg_contrast": 0.5119080543518066,
  "bg_spin_amount": 0.7415443062782288,
  "bg_pixel_filter": 583.4720458984375,
  "bg_offset_x": -0.3629147410392761,
  "bg_offset_y": 0.3165227770805359,
  "bg_colour_1_r": 0.2713325321674347,
  "bg_colour_1_g": 0.01389178168028593,
  "bg_colour_1_b": 0.12265599519014359,
  "bg_colour_2_r": 0.33958443999290466,
  "bg_colour_2_g": 0.6107609868049622,
  "bg_colour_2_b": 0.9121902585029602,
  "bg_colour_3_r": 0.3668699562549591,
  "bg_colour_3_g": 0.30316516757011414,
  "bg_colour_3_b": 0.30827316641807556,
  "bg_swirl_type": 7,
  "bg_noise_type": 1,
  "bg_color_mode": 5,
  "bg_offset_z": 4.709283351898193,
  "bg_noise_scale": 0.8720731735229492,
  "bg_noise_octaves": 10,
  "bg_color_intensity": 1.2495146989822388,
  "bg_swirl_segments": 5,
  "bg_swirl_count": 4,
  "bg_swirl_c1_x": -0.4837580919265747,
  "bg_swirl_c1_y": 0.3395962715148926,
  "bg_swirl_c2_x": -0.1909990906715393,
  "bg_swirl_c2_y": 0.781702995300293,
  "bg_swirl_c3_x": 0.9523187875747681,
  "bg_swirl_c3_y": 0.26308608055114746,
  "bg_swirl_c4_x": 0.7829585075378418,
  "bg_swirl_c4_y": 0.07896244525909424,
  "bg_noise_speed": 1.9557859897613525,
  "bg_noise_amplitude": 1.1496490240097046,
  "bg_color_speed": 0.2739320993423462,
  "bg_swirl_falloff": 2.575256109237671,
  "bg_bass_mode": 2,
  "bg_bass_strength": 0.7300002574920654,
  "bg_texture_mode": 6,
  "bg_texture_strength": 0.14000006020069122,
  "bg_accent_mode": 8,
  "bg_accent_strength": 0.4299998879432678,
  "bg_loudness_mode": 0,
  "bg_loudness_strength": 0.6099996566772461,
  "bg_onset_mode": 10,
  "bg_onset_strength": 0.19999995827674866,
  "music_style": "americana_guitar",
  "music_volume": 1,
  "music_bpm": 1.0000009536743164,
  "music_reverb_mix": 0.20000001788139343,
  "music_seed_enabled": false,
  "music_seed": 13907095936298272922,
  "music_ambient_drone_vol": 0.15000000596046448,
  "music_ambient_pad_vol": 0.0794999971985817,
  "music_ambient_melody_vol": 0.05999999865889549,
  "music_ambient_arp_vol": 0.02500000037252903,
  "music_ambient_cue": 0,
  "music_choir_vol": 0.15000000596046448,
  "music_choir_breathiness": 0.27000001072883606,
  "music_choir_drone_mix": 0.550000011920929,
  "music_choir_chant_mix": 0.5799999833106995,
  "music_choir_cue": 2,
  "music_african_drum_mix": 0.8999999761581421,
  "music_african_shaker_mix": 0.550000011920929,
  "music_african_bass_mix": 0.6200000047683716,
  "music_african_drone_mix": 0.5,
  "music_african_cue": 0,
  "music_taiko_drum_mix": 0.8999999761581421,
  "music_taiko_shime_mix": 0.550000011920929,
  "music_taiko_nagado_mix": 0.6499999761581421,
  "music_taiko_kane_mix": 0.5,
  "music_taiko_cue": 3,
  "music_americana_guitar_cue": 2
}